acacia honey, g
adjika green, g
adjika, g
Adyghe cheese, g
agar-agar, g
agave syrup, g
agram, g
albukhara, pcs.
alcohol, glass
ale ml
algae, g
almehi, g
almond essence, g
almond flour, g
almond mass, g
almond milk, g
almond oil, g
almond paste, g
almonds, g
amaranth flour, g
Amaretti cookies, g
anchovies, g
anise liqueur, ml
anise seeds, g
anise vodka, h. l.
anise, to taste
Antonovka apples, kg
apple essence, h. l.
apple jam, g
apple jam, g
apples golden, g
apples of non-firm varieties, g
apples, g
applesauce, g
apricot jam, g
apricot jam, g
apricot juice, glass
apricot puree, g
apricot, g
apricots, g
Arabian cakes, pcs.
arborio rice, g
argan oil, g
arishta, g
Armenian lavash, g
aromatic herbs, g
artichokes in oil, g
artichokes, g
ashi, g
aspirin, pcs.
assorted berry, g
assorted fruit, g
assorted meat, g
assorted vegetables, g
asterisk pasta, glass
avocado oil, g
avocado, to taste
ayran, g
bacon, to taste
badan, asterisk
bagels, g
baguette, g
Baileys liqueur, g
baked duck, g
baked milk, g
baked potatoes, g
baking flour, g
baking powder, g
baking powder, g
baking powder, h. l.
balm, g
balsam Riga black, Art. l.
balsamic cream, glass
balsamic sauce, Art. l.
balsamic vinegar, glass
balyk, g
banana chips, a handful
banana green syrup, ml
banana liqueur, ml
banana puree, g
bananas, g
barberry, g
barley flakes, g
barley groats, g
barley, g
basil purple, g
basmati rice, g
basturma, g
bavette pasta, g
bay leaf, g
bean sprouts, g
beans, g
beans, g
beefsteak, pcs.
beer, g
beet leaves, g
beet tops, g
beet, g
beets, g
berries, g
bird cherry flour, g
bird cherry, g
Birnele, ml
biscuit biscuits, g
biscuit biscuits, pcs.
biscuit cake, g
biscuit crumbs, g
biscuit mix ready, package
biscuit roll, g
biscuit, g
biscuits to taste
biscuits, g
bitter chocolate with orange zest, g
black caviar, g
black coffee, g
black currant, g
black eye beans, g
black grapes, g
black large-leaf tea, tsp l.
black olives, to taste
black raisins, g
black sesame, h. l.
black syrup (molasses), g
black tea with spices, package
black tea, g
black truffle, pcs.
blackberry, g
blackcurrant jam, g
blackcurrant jam, g
blood sausage, g
blood, ml
blue cheese, g
blue cheese, g
blueberries, g
blueberry jam, glass
boiled asparagus beans, g
boiled beets, g
boiled carrots, g
boiled chestnuts, g
boiled chicken breasts, g
boiled chicken, g
boiled condensed milk, Art. l.
boiled egg yolks, pcs.
boiled ham, g
boiled lentils, Art. l.
boiled pork, g
boiled pork, g
boiled potatoes in their skins, g
boiled potatoes, g
boiled red beans, glass
boiled rice, g
boiled sausage, g
boiled squid, g
boiled veal, g
boiled-smoked bacon, g
boiled-smoked cervelat, g
boiled-smoked ham, g
boiled-smoked ham, piece
boiled-smoked pork knuckle, g
boiled-smoked pork shoulder, g
boiled-smoked sausage, g
boletus, g
bones, g
Borodinsky bread, piece
botarga, g
bouillon cubes, g
bouquet garni, bunch
bourbon, g
brain bones, g
bran, g
brandy, g
Brazilian nuts, g
bread crumb, g
bread kvass, g
bread, g
breakfast dry pads, g
bresaola, g
brie cheese, g
brine, g
brioche buns, pcs.
broth, g
brown rice and wild mix, g
brown rice, g
brown sugar, g
brown tomatoes, g
Brussels sprouts, g
buckwheat honey, g
buko cheese, g
bulgur, g
buns with sesame seeds, pcs.
buns, g
Burrata, g
butter roll, g
Butterfly pasta (farfalle) mini, g
butterfly pasta (farfalle), g
buttermilk, g
butterscotch, g
cabbage pickle, g
Cajun Spice Blend Art. l.
cake jelly, packaging
calcium chloride, g
calvados, g
camembert packing
campari ml
cancerous necks, g
candied cherry confectionery, pcs.
candied citron fruits, a handful
candied citrus fruits, pcs.
candied fruits, g
candied ginger, g
candied lemon peels, g
candied lemon, g
candied orange peel, g
candied pecans,
candied violets, pcs.
candies M & M's, g
candy Korovka, g
candy, to taste
cane sugar, g
canned apricots, g
canned beans, g
canned champignons, g
canned cherries without pits, Art. l.
canned chestnuts, g
canned chickpeas, g
canned corn, g
canned cucumbers, pcs.
canned fish, can
canned fish, g
canned fruits, g
canned green beans, g
canned green olives, jar
canned mango, g
canned octopuses, g
canned olives, g
canned papaya in its own juice, g
canned peach syrup, Art. l.
canned peaches, g
canned pear syrup, g
canned pineapples, to taste
canned red beans, g
canned saury, can
canned squid, g
canned tomatoes in their own juice with basil, g
canned tomatoes in their own juice, g
canned tomatoes, g
canned tuna, g
canned white beans, g
cannelloni, g
capelin roe, g
capers in wine vinegar, g
capers, g
cappellini, g
cappuccino, g
carambola, g
caramel pudding, g
caramel sauce, g
caramel with filling, g
caramel, ml
carbonade, g
cardamom grain, tsp l.
cardamom pods, pcs.
cardamom, g
carnaroli rice, g
carob, g
carp fillet, kg
carp, g
carrot puree, g
carrots, g
cashews, g
catfish fillet, g
catfish, g
cauliflower, g
caviar, g
cedar flour, g
celery greens, g
celery root, g
celery salt, g
celery seeds, tsp l.
celery stalks, g
celery, g
cereal chocolate balls, handful
cereal flakes, g
champagne, g
champignons, to taste
chanterelles, g
chechil spaghetti, g
cheddar, g
cheese Austria blue, g
cheese slices, g
cheese, g
cherry flavor, drop
cherry food coloring, a pinch
cherry jam, g
cherry jam, g
cherry jam, g
cherry juice, g
cherry leaves, g
cherry liqueur, to taste
cherry mashed with sugar, g
cherry plum, g
cherry syrup, glass
cherry tincture, ml
cherry tomatoes, g
cherry, g
cherry, g
chestnut cream, g
chestnut flour, g
chestnuts, g
chewing liquorice candies, g
chia seeds, g
chicken bones, g
chicken breasts, g
chicken broth, g
chicken carcass, g
chicken eggs, g
chicken for frying, kg
chicken giblets, g
chicken hearts, g
chicken legs, g
chicken pate, g
chicken soup set, kg
chicken ventricles, pcs.
chicken wings, g
chicken, g
chickens, g
chickens-gherkins, pcs.
chickpea flour, g
chickpeas, g
chicory, h. l.
chilli flakes, to taste
Chinese salad, g
Chinese vegetable mixture, g
chipotle ground, pinch
chips, g
chives, stem
chives, to taste
chocolate bars, g
chocolate biscuit, g
chocolate butter, g
chocolate chips, g
chocolate cookies, g
chocolate drops, g
chocolate flakes, g
chocolate ice cream, ml
chocolate liqueur, g
chocolate mastic, g
chocolate paste, g
chocolate peas, g
chocolate sauce, g
chocolate syrup, g
chocolate waffles, g
chocolate with nuts, g
chocolate, g
chocolate-nut paste, g
chocolates, g
chokeberry, g
chopped almonds, g
chopped greens, g
chopped parsley, g
chorizo, g
chum, g
chutney mango, g
ciabatta, piece
cider vinegar, Art. l.
cider, g
cinnamon, g
citric acid, g
citrus freshly squeezed juice, ml
clarified grape juice, h. l.
cloudberry, g
cloves, g
coarse brown sugar, g
coarse flour, g
coarse granulated sugar, g
Coca-Cola, Art. l.
cocktail cherry, g
cocoa beans, g
cocoa butter, g
cocoa powder, to taste
cocoa, a handful
coconut cream, g
coconut extract, g
coconut flakes, g
coconut flour, Art. l.
coconut liqueur, Art. l.
coconut milk, g
coconut oil, ml
coconut water, glass
coconuts, g
cod fillet, g
cod liver, g
cod, g
coffee beans in chocolate, g
coffee beans, glass
coffee drink, ml
coffee extract, ml
coffee liqueur, g
coffee syrup, g
cognac, g
coho salmon, g
cola, g
cold smoked salmon, g
cold smoked sturgeon, g
colored coconut flakes, g
compote, g
concentrated milk, g
condensed cocoa, can
condensed milk with cocoa, g
condensed milk, g
confectionery beads, h. l.
confectionery sprinkling, to taste
confiture, packaging
confiture, to taste
cookies "Ladies fingers", g
cooking fat, g
coriander greens, g
coriander seeds, g
coriander, g
corn (golden) syrup, g
corn chips, g
corn flakes, g
corn flour, g
corn grits, g
corn oil, g
corn salad, bunch
corn sticks, g
corn tortillas, pcs.
corn, g
cornstarch, to taste
cottage cheese 18%, g
cottage cheese 2%, g
cottage cheese 5%, g
cottage cheese 9%, g
cottage cheese, g
cottage cheese, g
couscous, g
crab meat, g
crab sticks, to taste
crabs, g
cracker, g
cranberries, mashed with sugar, g
cranberry jam, g
cranberry jam, g
cranberry juice, Art. l.
cranberry sauce, g
cranberry syrup, g
cranberry, g
crayfish necks in brine, g
crayfish, pcs.
cream cheese, g
cream liqueur, g
cream liqueur, g
cream-fresh, g
creamy margarine, g
Creole seasoning, Art. l.
croissants, to taste
crucian carp, g
cucumber pickle, glass
cucumbers, g
cumin, g
cumin, g
curd cheese, g
curd cheeses, g
curd mass, g
curd paste, g
curdled milk, g
curly salad, g
curry leaves, g
curry paste, packet
curry, g
custard cream, g
custard cream, g
cuttlefish ink, g
cuttlefish, g
dairy products, g
dandelions, g
Danish rye bread, g
Darjeeling tea bag
dark beer, can
dark bitter chocolate 70%, g
dark bitter chocolate 75%, h. l.
dark bitter chocolate 85%, g
dark bitter chocolate, g
dark rum, g
deep fat oil, g
Demerara sugar, g
dessert wine, g
dill seed, h. l.
dill, g
ditaloni pasta, g
dogwood, g
dolma, g
dorada carcass, pcs.
dorada gutted with head, pcs.
dorada with head, pcs.
dorada, pcs.
Dorblue cheese, g
dough for pizza, pcs.
dough for wontons, g
dough kataifi, g
dragee, g
dried apples, g
dried apricots, to taste
dried barberry, Art. l.
dried basil, g
dried berries, to taste
dried celery root, to taste
dried chamomile, g
dried chanterelles, g
dried cherries, g
dried cranberries, g
dried dill, g
dried figs, g
dried fish caviar, g
dried garlic, g
dried lavender, a pinch
dried lemons,
dried lingonberry, g
dried marjoram, g
dried mint, g
dried mulberry, g
dried onions, g
dried oregano, g
dried parsley, g
dried peaches, handful
dried pineapples, g
dried prunes, g
dried raspberries, g
dried rose buds, g
dried rosemary, to taste
dried sage, leaf
dried sea cabbage, g
dried shrimp, g
dried strawberries, g
dried tarragon, twig
dried thyme, g
dried thyme, g
dry biscuits, g
dry breakfast, g
dry champagne, Art. l.
dry chili, st. l.
dry herbs, g
dry kvass concentrate, packaging
dry red wine, g
dry sparkling wine, g
dry vermouth, g
dry white bread, g
dry white wine, g
dry yeast, to taste
duck breast, g
duck carcass, carcass
duck fillet, g
duck legs, to taste
duck liver, g
duck thighs, g
duck, to taste
dumplings dough, g
Dutch cheese, g
ear pasta (orecchiette), g
earl gray tea, glass
edam, g
eel, g
egg melange, g
egg noodles in nests, pcs.
egg noodles, g
egg powder, Art. l.
egg whites, g
egg yolks, g
eggnog, glass
eggplant, to taste
elderberry syrup, Art. l.
elk, kg
emmental, g
escalope, g
espresso coffee, glass
eternal leaven, g
Extra Virgin olive oil, g
fat cottage cheese, g
fat tail fat, g
fat tail fat, g
fat yogurt, g
fat, g
fat, g
fat-free cocoa powder, g
fat-free cottage cheese, g
fat-free kefir, g
fat-free yogurt, g
feijoa, g
fennel seeds ground, g
fennel seeds, g
fennel, g
fenugreek seeds, g
fenugreek, g
fermented baked milk 4%, g
fermented baked milk, g
fern, g
festoon, g
feta cheese, to taste
feta, g
fetaki, g
fetax, g
fettuccine, g
figs, g
fillet of red perch, pcs.
filo dough, g
fish bones, g
fish broth, g
fish dory fillet, pcs.
fish fillet, g
fish sauce Nam Pla, g
fish sauce, g
fish trimmings, heads, fins, to taste
fish, g
fish-salt, carcass
flaked dried tomatoes, g
flakes of 7 cereals, Art. l.
flat cakes, g
flavor "raspberry" "", drop
flavor "rum" "", g
flavoring "pineapple" "", to taste
flavoring, g
flax seeds, g
flaxseed flour, g
flaxseed, g
flounder fillet, g
flounder, g
flour "Aladushkin", g
flour 1 grade, g
flour for tempura, g
flour grade 2, g
flour with bran, h. l.
flour with seeds, g
flour, g
flower pollen, g
flying fish roe, g
fontina cheese, g
food black dye, g
food color green, Art. l.
food color yellow, g
food dye gel, pcs.
food dye purple, g
food dye, g
food orange dye, g
forest berries, g
fortified wine, g
fresh basil, g
fresh broccoli, g
fresh champignons, g
fresh cilantro, clove
fresh cucumbers, g
fresh dill, g
fresh figs, g
fresh laurel leaves, pcs.
fresh lingonberry, g
fresh mackerel, g
fresh marjoram, to taste
fresh oregano, g
fresh pork sausage (salsiccia), pcs.
fresh sage, bunch
fresh salmon fillet, g
fresh salmon, g
fresh salmon, g
fresh sorrel, twig
fresh spinach, g
fresh tulle, g
fresh yeast, g
freshly brewed coffee, g
freshly salted salmon, g
freshly squeezed orange juice, g
friable biscuits, g
fried corn kikos, g
frisse salad, g
frozen berries, g
frozen blackberries, g
frozen blueberries, g
frozen broccoli, g
frozen Brussels sprouts, g
frozen cauliflower, g
frozen champignons, g
frozen cherries, g
frozen corn, g
frozen cranberries, g
frozen forest berries, g
frozen green beans, g
frozen lingonberry, g
frozen mushrooms, g
frozen mussels, pcs.
frozen potato hash, g
frozen raspberries, g
frozen sea buckthorn, g
frozen sea cabbage, g
frozen sea cocktail, g
frozen shrimp, g
frozen sorrel, g
frozen spinach, g
frozen squid, g
frozen strawberries, g
frozen strawberries, g
frozen vegetable mixture for wok, g
frozen vegetable mixture, g
frozen young beans, g
frozen zucchini, g
fructose, g
fruit juice without sugar, glass
fruit juice, g
fruit yogurt, g
fruit, g
funchose, g
gala apples, g
galangal root, lobule
ganache, g
garam masala, g
garlic oil, to taste
garlic powder, g
garlic salt, a pinch
garlic, g
gastropub,
gazpacho, g
gelatin, g
gelatinous mastic, g
gelling agent, packaging
gelling sugar, g
geranium leaves, g
ghee, g
gherkins, g
gigli pasta, g
ginger beer, ml
ginger candied fruits, Art. l.
ginger jam, g
ginger root, g
ginger, g
gingerbread cookie, to taste
gingerbread dough, g
gingerbread spices, g
gingerbread, g
ginseng, g
glaze black, to taste
glaze white, g
glaze, g
glazed corn flakes, g
goat liver, g
goat milk, g
goat yogurt, g
golden rice, g
gooseberry jam, jar
gooseberry, g
gouda cheese, g
goya cheese, g
grain buns, pcs.
granny smith apples, kg
granulated cottage cheese, g
granulated sugar, g
granulated sugar, g
grape candy, g
grape jelly, Art. l.
grape juice, g
grape leaves, g
grape seed oil, g
grape snails, pcs.
grapes blue, g
grapes, g
grated carrots, pcs.
graviera cheese, g
gray bread, g
Greek yogurt, g
green apples, g
green beans, g
green beans, g
green coffee, g
green lentils, g
green marzipan, g
green olives, to taste
green onion, g
green tea, bag
green tomatoes, kg
greens, g
ground barberry, g
ground caraway seeds, g
ground cardamom, g
ground chili pepper, g
ground cinnamon, g
ground cloves, to taste
ground coffee, art. l.
ground coriander, g
ground flaxseed, g
ground ginger, g
ground nutmeg, g
ground poppy seeds, g
ground red paprika, g
ground saffron, h. l.
guinea fowl carcass, g
haddock, pcs.
hake fillet, g
hake, g
halibut caviar, g
halibut, g
halloumi, g
halva vanilla, g
halva, g
ham, g
ham, g
hamburger buns, pcs.
hamburger, g
hard cheese, g
hard goat cheese, g
hare, g
harisa paste, art. l.
hawarty cheese, g
hazel grouse, g
hazelnut flour, g
hazelnuts, g
hazelnuts, g
head salad, g
hemp oil, art. l.
hemp seeds, g
hercules, g
herring fillet, g
herring, g
herring, g
hibiscus, g
homemade cheese, g
homemade mayonnaise, g
homemade sausages, pcs.
homemade yeast, g
honey mushrooms, to taste
honey, g
honeysuckle, g
hops, art. l.
hops-suneli, g
horseradish mashed, g
horseradish with cream, g
horseradish, g
hot smoked coho salmon fillet, g
hot smoked paprika, g
hot smoked salmon, g
hot smoked smelt, g
hunting sausages, g
ice cream sundae, g
ice cream, to taste
ice, g
iceberg lettuce, g
icing sugar, g
icing, g
Imeretian cheese, g
Imeretian saffron, g
Indoor, pcs.
instant cereal, glass
instant coffee, g
instant oat flakes, g
instant polenta, glass
irga, g
Isabella grapes, kg
Italian herbs, g
Italian parsley, bunch
Italian salami, g
Italian tomato sauce, g
jam, g
jam, g
Jamaican pepper, g
jamon, g
Japanese panko babe, g
Japanese rice, g
jasmine rice, g
jasmine tea, Art. l.
jelly, g
Jerusalem artichoke syrup, glass
Jerusalem artichoke, g
Jubilee milk cookies, g
jugas cheese, g
kaffir lime leaves, to taste
Kahlua coffee liqueur, ml
kalamata olives, g
kale cabbage, g
kalindzhi seeds, h. l.
kandurin gold, p. l.
katyk, g
kebab ketchup, g
kefalotiri cheese, g
kefir 1%, g
kefir 2.5%, g
kefir 3.2%, g
kefir, to taste
Kenyan beans, handful
kidneys, g
kimchi, g
king prawns, g
Kiwano, g
kiwi jelly, g
kiwi, kg
knuckle, to taste
kohlrabi cabbage, g
Korean carrots, g
korinka, art. l.
krill meat, g
Kuban rice, g
kumquats, a handful
kupaty, pcs.
kvass wort, g
kvass, g
lady fish carcass, pcs.
lamb entrecotes, kg
lamb guts, kg
lamb ham on the bone, piece
lamb leg without bone, g
lamb liver, g
lamb ribs, pcs.
lamb shanks, pcs.
lamb shoulder, kg
lamb, g
langoustines, pcs.
lard with meat layers, g
large carrots, g
large chicken eggs, g
large egg yolks, g
large oranges, pcs.
large shell pasta, g
lavash, to taste
lavender dye, h. l.
lavender honey, g
lavender, g
leaf lettuce, g
lean pork, g
lecho, g
leek, handful
leg of lamb, g
lemon basil, g
lemon extract, g
lemon ice cream, to taste
lemon juice, g
lemon thyme, twig
lemon vinegar, g
lemon zest, g
lemonade, g
lemongrass (lemon sorghum), g
lemongrass berries, g
lemongrass stem, g
lemons, g
lentils, g
lettuce, g
light beer, g
light mayonnaise, g
lightly salted cucumbers, pcs.
lime juice, g
lime leaves, pcs.
lime zest, g
lime, g
limoncello, g
lingonberry jam, g
lingonberry sauce, g
linguine, pcs.
linseed oil, h. l.
liqueur Alchermes, g
liqueur Amaretto, g
liqueur Cointreau, g
liqueur, g
liquid honey, g
liquid smoke, g
liver, g
liver, g
loaf, g
lobster, g
long grain golden rice, g
long grain rice, g
long kong, pcs.
longan, g
lovage, g
low-fat yogurt, g
lungs, g
lychee compote, g
lychee, pcs.
maasdam, g
macadamia nuts, g
macaroons
mackerel fillet, g
mackerel, to taste
mackeroncini, g
Madeira, g
mafaldine, g
mango syrup, ml
mango, to taste
mangosteen, pcs.
manitoba flour, g
maraschino cherry, pcs.
marble cheese, g
margarine, g
marjoram, g
marmalade to taste
marsala glass
marshmallow cream, g
marshmallow mini, g
marshmallow, g
marshmallows, g
martini red, g
martini, g
marzipan, to taste
Mascarpone cheese, g
mascarpone, g
mash, g
mashed potatoes, to taste
mastic, g
match, g
matsoni, g
matzo, g
mayonnaise "Sloboda" Light, g
mayonnaise "Sloboda" Olive, g
mayonnaise "Sloboda" On quail eggs, g
mayonnaise "Sloboda" Provencal, g
mayonnaise "Sloboda" Smetanny, g
mayonnaise "Sloboda" With lemon juice, g
mayonnaise sauce "Sloboda" Lean, g
mayonnaise, g
meal, g
meat broth, g
meat on the bone, kg
meat, g
melissa, g
melon, g
melted fat, glass
meringue, g
meringue, pcs.
microgreens, a handful
milk 4%, g
milk 6%, g
milk chocolate, g
milk mixture, g
millet flakes, Art. l.
millet, g
minced chicken, g
minced fish, g
minced meat (lamb and beef), g
minced meat (pork and chicken), g
minced meat, g
minced mutton, g
minced pork, g
minced salmon, g
minced turkey, g
minced veal, g
mini baguette, g
mini bananas, g
mini eggplants, g
mint chocolate, g
mint schnapps, g
mint syrup, g
mint, g
mirror carp, kg
molasses, g
monkfish, g
mortadella, g
mozzarella ball large, g
mozzarella for baking, g
mozzarella for pizza, g
mozzarella mini, g
mozzarella with herbs, g
mozzarella, g
muesli, g
mulberry, g
mullet, g
muscovado sugar, a handful
mussels in shells are large black, g
mussels in shells, g
mussels in shells, small green, g
mussels, g
mutton liver, g
nardek, g
natural yogurt, g
neck, g
nectarines, pcs.
nettle, g
noodles for lagman, packaging
noodles, g
nori, g
nougat with nuts, g
nougat, g
nut butter, Art. l.
nut butter, pcs.
nut crumb, glass
nut liqueur, ml
nut sauce, Art. l.
nutella, g
nutmeg wine, g
nutmeg, g
nuts, g
oak bark, g
oat bran, g
oat flakes, g
oat flour, g
oat grains, g
oat milk, glass
oat pancakes, pcs.
oatmeal cookies, g
oatmeal, g
octopus mini, g
octopus, g
okra, g
olive mayonnaise, g
olive oil, g
olive paste, g
olives stuffed with anchovies, g
olives, g
olives, g
onion peel, g
onion powder, g
onion, g
orange essence, h. l.
orange extract, h. l.
orange jam with ginger, g
orange jam, g
orange jam, g
orange juice, to taste
orange liqueur, g
orange peel, g
orange syrup, glass
orange vinegar, Art. l.
orange water, g
oranges, g
oregano, g
oregano, g
Oreo cookies, g
orzo pasta, g
oxtail, g
oyster mushrooms, g
oysters, g
paella seasoning, to taste
pagra, g
palm oil, g
palm sugar, g
pancake flour, g
pancetta, g
paneer cheese, g
panettone, pcs.
pangasius, g
Panifarin, g
papaya, g
pappardelle, g
paprika, g
parboiled rice and wild mix, g
parboiled rice, g
Parma ham, g
parmesan, g
parsley greens, g
parsley root, g
parsley, g
parsnip, g
partridges, g
passion fruit, g
pasta bows, g
pasta bucatini, g
pasta dough for lasagna, g
pasta dough, g
pasta horns (pipe rigate), g
pasta seasoning, to taste
pasta, g
pasta, g
paste, g
pastila, g
pate, g
peach jam, g
peach juice, g
peach marmalade, Art. l.
peach puree, g
peach syrup, ml
peaches, g
peanut butter, g
peanut butter, g
peanuts, g
pearl barley flour, g
pearl barley, g
pearl couscous, glass
pearl sugar, g
pecans, g
pecorino, g
pectin, g
peeled chestnuts, g
peeled cuttlefish, g
peeled shrimp in brine, g
peeled shrimp, g
Peking cabbage, g
pepper paste, tsp l.
perch fillet, g
perch sea fillet, g
perch, g
Persian lavash round, g
persimmon, g
pesche mignon cheese, g
pheasant, g
Philadelphia cheese, g
physalis, to taste
pickle from capers, Art. l.
pickle from olives, Art. l.
pickled apples, pcs.
pickled artichokes, g
pickled capers, g
pickled champignons, g
pickled cucumbers, g
pickled cucumbers, jar
pickled gherkins, g
pickled ginger, g
pickled grape leaves, g
pickled mushrooms, g
pickled onions, g
pickled tomatoes, pcs.
piglet, kg
pike fillet, g
pike perch caviar, g
pike, g
pine nut oil, g
pine nuts, g
pine nuts, g
pineapple juice, g
pineapple syrup, g
pineapples, g
pink marzipan, g
pink petals, g
pink salmon caviar, g
pinto beans, g
pita, to taste
pitted olives, g
pitted olives, g
pitted prunes, g
pitted raisins, g
pitted smoked prunes, g
polenta, to taste
pollock fillet, g
pollock, g
pomelo, g
popcorn, g
poppy seed, pack
poppy, g
pork belly, g
pork belly, g
pork cheeks, pcs.
pork chops on the bone, g
pork chops, g
pork cutlets on the bone, pcs.
pork ears, pcs.
pork fat, pcs.
pork fillet, g
pork flank, kg
pork head, g
pork heart, g
pork knuckle, to taste
pork legs, g
pork liver, g
pork loin on the bone, g
pork loin, g
pork lungs, g
pork neck, piece
pork pulp, g
pork ribs, g
pork tenderloin, g
pork tongue, g
pork with fat, g
pork, g
porridge for baby food, g
porridge, g
port, g
portobello, g
potato broth, g
potato chips, g
potato flakes, g
potato gnocchi, g
potato starch, g
potatoes, g
powdered milk, g
powdered orange sugar, g
powdered sugar vanilla, g
prickly pear fruits, g
processed cheese, g
processed chocolate cheese, g
prosciutto, g
prosecco, ml
provencal herbs, g
provola cheese, g
provolone, g
prunes, g
psyllium, g
ptitim, g
pudding vanilla instant, packaging
pudding, g
puff pastry, g
pumpkin puree, g
pumpkin seed oil, pcs.
pumpkin seeds, g
pumpkin, g
puree, to taste
purslane, g
quail eggs, g
quince puree, g
quince, to taste
rabbit carcass, g
rabbit fillet, g
rabbit liver, g
rabbit, g
radicchio, pcs.
raisins white, g
raisins, g
rambutan, g
rapana, g
rapeseed oil, to taste
raspberries, g
raspberries, mashed with sugar, glass
raspberry cream, g
raspberry ice cream, g
raspberry jam, g
raspberry jam, g
raspberry jelly, g
raspberry puree, g
raspberry sauce, tsp l.
raspberry syrup, tsp l.
raspberry tea, g
raspberry vinegar, ml
raw smoked ham, g
ready dough, g
ready-made glaze, to taste
ready-made pancakes, g
ready-made salad dressing, g
red apples, pcs.
red beans, g
red cabbage, g
red caviar, g
red currant jam, g
red currant, g
red currant, mashed with sugar, Art. l.
red fish fillet, g
red fish, g
red food coloring, g
red kidney beans, g
red lentils, g
red mullet, g
red onion, to taste
red oranges, pcs.
red paprika, art. l.
red perch fillet, g
red rice, g
red shallots, pcs.
red tea, g
red wine sauce, g
red wine vinegar, tsp l.
red wine, g
refined sugar with cinnamon, g
refined sugar, g
rennet, h. l.
rice balls, g
rice devzira, g
rice flakes, g
rice flour, g
rice for pilaf, g
rice for pudding, g
rice for risotto, g
rice for sushi, g
rice indica, g
rice italica, g
rice milk, ml
rice noodles, g
rice paper, g
rice starch, art. l.
rice vinegar, to taste
rice viola, g
rice wine, h. l.
rice, g
ripe persimmon, g
risoni pasta, g
roast beef, g
roasted almonds, g
roasted peanuts, g
roasted pine nuts, g
roll, piece
Romano salad, g
rooibos tea, art. l.
roots, to taste
Roquefort, g
rose water, g
rosehip syrup, g
rosehip, g
rosemary, pcs.
roses, g
round grain rice, g
rucola, g
rudd, pcs.
ruff, g
ruff-nasar, pcs.
rum extract, h. l.
rum, bottle
Russian cheese, g
rutabaga, g
rye bread, g
rye buns, piece
rye, g
saffron thread, pcs.
saffron, g
sage, g
sake, art. l.
salad dressing, to taste
salad mix, g
salad onions, pcs.
salad shrimps, g
salad, g
salami, g
salmon caviar, g
salmon fillet on the skin, g
salmon fillet on the skin, g
salmon fillet, g
salmon fillet, g
salmon milk, g
salmon steaks, g
salmon, g
salmon, g
salsa verde, pt. l.
salsa, g
salted caramel, g
salted cracker, g
salted curd cheese, g
salted fern, packing
salted herring, pcs.
salted peanuts, g
salted red fish, g
salted salmon, g
sandwich bread, g
sandwich marmalade, g
sardines in oil, jar
sardines, g
sauerkraut, to taste
saury, g
sausage cheese, g
sausage, g
sausages for frying, g
sausages, g
sausages, g
savory, g
Savoy cabbage, g
Savoyardi cookies, g
scallops, kg
scamorza cheese, g
schnapps, g
sea ​​bass, g
sea ​​bass, g
sea ​​buckthorn syrup, glass
sea ​​buckthorn, g
sea ​​cabbage, to taste
sea ​​cocktail, g
sea ​​fish, g
seafood cocktail in oil, packaging
seafood, pcs.
seasoning 4 peppers, g
seasoning 5 spices (five spice), tsp l.
seasoning for chicken, g
seasoning for fish, g
seasoning for lamb, Art. l.
seasoning for marinating pork, to taste
seasoning for meat, g
seasoning for pilaf, g
seasoning for pizza, tsp l.
seasoning for potatoes, g
seasoning for poultry, Art. l.
seasoning for seafood, to taste
seasoning with dried mushrooms, tsp l.
seasonings, g
seedless grapes, g
seeds mixture, Art. l.
seeds, g
self-rising flour, g
semi-dry red wine, g
semi-dry rose wine, g
semi-dry white wine, g
semi-hard cheese, g
semi-smoked sausage, g
semi-sweet chocolate, g
semi-sweet red wine, g
semi-sweet rose wine, Art. l.
semi-sweet white wine, g
semolina, g
semolina, g
Serbian cheese, g
sesame bread, piece
sesame flour, g
sesame oil, g
sesame paste, g
sesame seeds, g
sesame seeds, to taste
shallots, g
shark steaks, g
sheep cheese, g
sheet gelatin, to taste
shell pasta (conchiglie rigate), g
shell pasta (conchiglie), g
sherry vinegar, tsp l.
sherry, glass
shirataki noodles, g
shortbread cookies, g
shortbread dough, to taste
shortening, glass
shrimp, g
side dish, g
silver confectionery beads, to taste
skimmed milk powder, Art. l.
slightly salted herring, g
slightly salted salmon, g
small croutons, g
small onions, g
small pasta, g
small red fish caviar, g
small sardines, pcs.
smelt, g
smoked bacon, g
smoked cheese, g
smoked chicken breasts, g
smoked chicken legs, g
smoked chicken, g
smoked eel, g
smoked fish fillet, g
smoked fish, g
smoked ham, g
smoked lard in pepper, g
smoked lard with meat layers, g
smoked meats, g
smoked mussels in oil, g
smoked paprika, art. l.
smoked pork knuckle, g
smoked pork loin, g
smoked salmon, g
smoked salmon, g
smoked sausage, g
smoked sausages, g
smoked scamorza cheese, g
smoked sweet paprika, g
smoked tea lapsang sushong, g
smoked turkey, g
snails, g
snow crab, to taste
soft cheese to taste
soft cheese with mold, g
soft cottage cheese, g
soft goat cheese, g
sole fillet, g
sole, g
sourdough package
Soviet champagne, glass
soy protein isolate, g
sparkling mineral water, g
spelled, g
spices, g
spicy herbs with pepper, tsp l.
spicy ketchup, to taste
spicy tomato sauce, g
spinach, g
spiral pasta (fusilli), g
sprat, g
sprats in oil, g
sprats, g
sprouted mung beans, g
squash, g
squid fillet, pcs.
squid, g
St. John's wort, to taste
star anise, g
star anise, pinch
starch syrup, g
starch, g
stevia sugar substitute, g
stew, g
still mineral water, glass
strawberries in syrup, g
strawberries mashed with sugar, g
strawberries, to taste
strawberry compote, glass
strawberry curd, g
strawberry ice cream, g
strawberry jam, g
strawberry jam, g
strawberry jelly packaging
strawberry liqueur, g
strawberry puree, g
strawberry syrup, g
strong alcohol, Art. l.
stuffing box, g
sturgeon, g
sugar bone, g
sugar confectionery decorations, a handful
sugar cookies, g
sugar pearls, g
sugar substitute, to taste
sugar syrup, g
sugar, g
sun-dried tomatoes in oil, g
sun-dried tomatoes, to taste
sunflower halva, g
sunflower oil, g
sunflower seeds, g
Svan salt, g
sweet apples, g
sweet cookies, g
sweet paprika with flakes, tsp l.
sweet paprika, g
sweet potato, g
sweet red wine, g
sweet white wine, g
sweets Truffle, g
sweets, g
Swiss chard, g
Swiss cheese, g
swordfish, g
syrup, g
table vinegar, g
tagliatelle nests, pcs.
tagliatelle, g
tagliolini, g
tahini paste, g
talejo, g
tamarind paste, h. l.
tamarind, pcs.
tangerine candied fruits, g
tangerine juice, g
tangerine puree, g
tangerines in their own juice, g
tangerines, to taste
tapioca, g
tarragon, g
tarragon, g
tartar, pinch
tartare, art. l.
tartlets, to taste
tequila, glass
tete de moine cheese, g
Thai basil, handful
Thai eggplant, g
Thai fish sauce, g
thick strawberry jam, ml
thickener for cream, g
thin pita bread, layer
thyme fresh, to taste
thyme, g
thyme, handful
tiger shrimps, g
tilapia fillet, g
tilapia, g
tilsiter, g
tkemali, g
tofu, g
tomato concentrate, g
tomato juice, g
tomato ketchup, g
tomato paste, g
tomato powder, g
tomato puree, g
tomato sauce with basil, g
tomato sauce, g
tomatoes mashed trade wind, g
tomatoes, g
tonic, bottle
tonka beans, pcs.
tortillas, to taste
tortilloni, g
truffle chips, g
truffle oil, Art. l.
truffle, g
tuna fillet, g
tuna, to taste
turkey breast, g
turkey carcass, pcs.
turkey drumstick, g
turkey fillet, g
turkey liver, g
turkey, g
turmeric, g
Tuscan ketchup, art. l.
uhurt, g
uncooked smoked bacon, g
uncooked smoked sausage, g
uncooked smoked sausages, pcs.
unfiltered beer, g
unleavened dough, g
unripe spelled, g
utskho-suneli, g
vanilla essence, g
vanilla extract, to taste
vanilla ice cream, g
vanilla in pods, g
vanilla powder, g
vanilla pudding, g
vanilla sugar, g
vanilla syrup, g
vanilla tincture, Art. l.
vanillin, g
veal cheek, pcs.
veal chops on the bone, pcs.
veal escalopes, g
veal liver, g
veal schnitzels, pcs.
veal tenderloin, g
veal, to taste
vegemite paste, g
vegetable broth, to taste
vegetable fat, g
vegetable mixture, g
vegetable oil, g
vegetables, g
venison, g
vermicelli, g
vermouth, g
viburnum rubbed, g
viburnum, to taste
vinaigrette, g
vinegar 9%, g
vinegar essence, g
vinegar, g
violet syrup, g
vitamin C powder, g
vodka, g
wafer cakes, g
wafer rolls, g
waffle crumb, g
waffles, g
walnut oil, tsp l.
wasabi, g
water, g
watercress, g
watermelon pulp, g
watermelons, g
wheat bran, g
wheat flakes, g
wheat flour, g
wheat germ flour, Art. l.
wheat germ, glass
wheat groats, g
wheat sprouts, g
wheat, g
whey protein, g
whiskey, g
white beans, g
white bread, g
white cabbage, g
white chocolate drops, g
white chocolate, g
white fish fillet, g
white fish, g
white grapes, g
white lima beans, g
white nutmeg, ml
white onion, to taste
white roll, g
white stale buns, g
white table wine, glass
white vermouth, g
white wine vinegar, g
white wine, to taste
whitefish, g
whole grain bread, g
whole grain flour, g
whole grain wheat-rye crispbread, g
whole wheat flour, g
wild boar meat, g
wild garlic, g
wild rice and golden mixture, g
wild rice, g
wine vinegar on tarragon, Art. l.
wine vinegar with garlic, tsp l.
wine vinegar, g
Worcestershire sauce, g
yeast dough, to taste
yeast puff pastry, kg
yeast-free dough, g
yeast-free puff pastry, to taste
yellow cherry tomatoes, g
yellow tomatoes, pcs.
yesterday's baguette, g
yesterday's buns, pcs.
yogurt, g
young carrots, g
young garlic, g
young goat meat, kg
young grape leaves, pcs.
young potatoes, g
young spinach, g
young zucchini, g
zaatar seasoning, h. l.
za'atar, pinch
zira, g
zucchini flowers, pcs.
zucchini, g
zucchini, g
